StudentID,Fname,Lname,DOB,Email,Phone,AdmissionDate
4611,Katherine,Gray,2001-06-08,kgray@exampleemail.net,793-075-3510,2022-03-17
6514,Megan,Miller,1995-12-18,mmiller@exampleemail.net,381-481-3675,2021-11-24
8573,James,Smith,2002-10-10,jsmith@exampleemail.net,000-383-8130,2021-11-23
5386,James,Reynolds,1999-01-21,jreynolds@exampleemail.net,391-163-7837,2022-04-07
3340,Brittany,Sutton,2005-04-27,bsutton@exampleemail.net,634-190-2111,2021-07-24
6930,Annette,Medina,1997-06-11,amedina@exampleemail.net,057-420-6454,2021-04-03
2040,James,Duncan,1995-05-25,jduncan@exampleemail.net,556-475-2855,2021-05-17
9837,Susan,Brown,2000-09-14,sbrown@exampleemail.net,963-345-7970,2020-05-21
8177,Peter,Jones,2000-09-06,pjones@exampleemail.net,919-613-7081,2022-12-23
4510,Daniel,Erickson,2007-05-20,derickson@exampleemail.net,761-344-4533,2023-09-12
4139,Benjamin,Vance,1997-01-27,bvance@exampleemail.net,198-423-8433,2024-11-27
1821,Alexandra,Harrington,1997-08-25,aharrington@exampleemail.net,554-340-3229,2023-05-15
4853,Richard,Johnson,2007-02-17,rjohnson@exampleemail.net,361-796-8630,2022-03-21
1152,Jerry,Browning,2005-03-27,jbrowning@exampleemail.net,047-728-0227,2024-12-13
2127,Carrie,Page,2006-07-19,cpage@exampleemail.net,391-892-9427,2020-08-12
5905,Michelle,Benjamin,2008-03-28,mbenjamin@exampleemail.net,168-711-1810,2020-04-14
6617,James,Woods,1995-05-30,jwoods@exampleemail.net,752-124-7205,2022-06-03
1058,Angela,Dunn,2001-01-29,adunn@exampleemail.net,174-158-1831,2021-04-02
3442,Nathan,Riley,2000-02-29,nriley@exampleemail.net,124-088-3929,2020-11-02
6862,Shelby,Mahoney,1996-10-27,smahoney@exampleemail.net,338-292-6933,2023-04-10
3900,Andrea,Frey,2001-08-31,afrey@exampleemail.net,660-199-0394,2021-03-18
7267,Justin,Martin,2000-08-02,jmartin@exampleemail.net,094-218-3399,2022-03-31
1387,Mark,Hartman,2006-11-30,mhartman@exampleemail.net,428-922-4265,2020-05-22
1452,Antonio,Hansen,2001-11-22,ahansen@exampleemail.net,434-548-0476,2022-02-04
8149,Lynn,Anderson,1999-06-14,landerson@exampleemail.net,203-162-2460,2022-12-15
6967,Michael,Cooley,2005-02-03,mcooley@exampleemail.net,852-971-9615,2024-05-15
7691,Mitchell,Sanders,2001-01-03,msanders@exampleemail.net,564-991-0398,2023-10-12
8618,Lisa,Castillo,1996-04-18,lcastillo@exampleemail.net,981-296-6934,2023-10-28
2530,Theresa,Rodriguez,1999-06-23,trodriguez@exampleemail.net,705-793-9233,2020-10-15
8461,Kimberly,Wood,2006-05-12,kwood@exampleemail.net,604-515-2082,2023-05-14
2746,Patricia,Cox,2000-01-01,pcox@exampleemail.net,649-914-6268,2022-06-03
3184,Kimberly,Blair,2007-10-06,kblair@exampleemail.net,249-674-3903,2022-04-02
9976,Jason,Ramirez,1998-01-17,jramirez@exampleemail.net,268-681-8855,2023-04-08
4919,Gail,Dudley,2002-07-04,gdudley@exampleemail.net,115-879-6277,2022-06-18
3267,John,West,1999-10-08,jwest@exampleemail.net,471-164-8649,2023-09-29
7812,Patricia,Carr,1996-07-07,pcarr@exampleemail.net,699-299-9746,2024-05-23
8814,David,Nunez,2003-01-24,dnunez@exampleemail.net,704-693-3763,2020-06-29
4595,Collin,Peterson,2004-01-01,cpeterson@exampleemail.net,408-155-7423,2024-10-13
9751,Rebecca,Smith,1996-09-17,rsmith@exampleemail.net,710-193-5788,2023-11-10
7906,Desiree,Reyes,2003-12-04,dreyes@exampleemail.net,817-363-5976,2024-09-22
1508,Megan,Diaz,2006-09-18,mdiaz@exampleemail.net,816-451-5714,2022-05-15
8619,Joseph,Adams,2001-08-24,jadams@exampleemail.net,695-134-1499,2022-10-09
2771,Sharon,Watson,2003-11-12,swatson@exampleemail.net,967-034-3717,2021-12-31
2669,Tiffany,Smith,1997-02-13,tsmith@exampleemail.net,046-686-5535,2021-05-02
9289,Alexander,Preston,2004-06-07,apreston@exampleemail.net,232-781-1979,2021-04-03
8135,Randall,Hickman,2002-03-03,rhickman@exampleemail.net,250-142-1162,2024-10-03
6280,David,Hernandez,1997-07-31,dhernandez@exampleemail.net,039-107-1510,2024-12-07
1470,Michelle,Jones,2001-02-09,mjones@exampleemail.net,359-869-8198,2020-06-01
1166,Tonya,Gonzalez,2005-03-05,tgonzalez@exampleemail.net,948-811-9299,2022-03-17
8342,Sarah,Johnson,2003-11-27,sjohnson@exampleemail.net,884-454-5025,2020-06-04
8753,Grace,Valencia,2007-12-03,gvalencia@exampleemail.net,344-957-9455,2023-12-16
8216,Laura,Cortez,2002-11-16,lcortez@exampleemail.net,639-355-5794,2020-07-20
3485,Lori,Miller,2002-03-22,lmiller@exampleemail.net,584-695-7299,2024-08-02
9561,Lori,PhD,1995-08-24,lphd@exampleemail.net,647-037-9120,2021-12-17
4824,Maria,Carter,2008-03-16,mcarter@exampleemail.net,563-714-6490,2023-09-14
2169,Daniel,Hood,2002-08-28,dhood@exampleemail.net,246-417-6840,2020-08-16
7594,Amanda,Hernandez,1996-06-28,ahernandez@exampleemail.net,591-853-2155,2024-02-18
8708,Taylor,DVM,1998-11-16,tdvm@exampleemail.net,418-246-0146,2023-12-09
8451,Nathan,Navarro,2003-11-16,nnavarro@exampleemail.net,662-817-7469,2022-12-08
7770,Lisa,Zimmerman,1998-06-16,lzimmerman@exampleemail.net,823-746-3739,2025-01-29
9165,Angelica,Steele,2005-10-20,asteele@exampleemail.net,262-225-5002,2021-08-19
4122,Gregory,Daniels,2007-06-06,gdaniels@exampleemail.net,803-369-3092,2023-05-26
9022,Eric,Davis,1997-01-28,edavis@exampleemail.net,015-650-3467,2020-09-22
7325,Ruth,Davis,2002-01-28,rdavis@exampleemail.net,214-345-4902,2021-11-03
1474,Alison,Lang,1995-04-18,alang@exampleemail.net,471-236-3102,2020-12-29
8237,Robert,Howard,2005-06-18,rhoward@exampleemail.net,427-197-1726,2024-09-15
2747,Rebecca,Brown,2004-03-10,rbrown@exampleemail.net,325-623-5022,2023-01-24
2476,Jennifer,Baker,2000-04-02,jbaker@exampleemail.net,585-527-0422,2023-06-03
3695,Diana,Schultz,2006-07-15,dschultz@exampleemail.net,891-496-8683,2024-03-17
7242,Heather,Johnson,2000-08-06,hjohnson@exampleemail.net,370-358-4172,2022-03-10
2035,Robert,Lowery,1995-04-24,rlowery@exampleemail.net,034-288-9891,2021-12-23
6942,Brent,Burns,2007-07-13,bburns@exampleemail.net,863-226-6558,2021-07-31
2501,Melissa,Barber,2004-02-17,mbarber@exampleemail.net,718-739-6394,2022-07-10
1258,Courtney,Haas,2002-03-08,chaas@exampleemail.net,597-580-3688,2023-03-31
6931,Sarah,Ross,1997-10-06,sross@exampleemail.net,660-967-2337,2021-07-29
8433,Jaime,Nguyen,2006-03-11,jnguyen@exampleemail.net,827-122-9120,2023-11-25
2099,Christina,Thompson,2007-10-09,cthompson@exampleemail.net,551-346-8715,2020-04-19
3535,Tracy,Gibbs,1998-04-14,tgibbs@exampleemail.net,515-708-3765,2021-02-21
3972,Robert,Davis,1998-01-06,rdavis@exampleemail.net,839-904-3888,2024-01-03
1861,James,Stewart,2007-03-30,jstewart@exampleemail.net,556-691-9204,2023-05-01
7785,Brent,Mendoza,2002-03-04,bmendoza@exampleemail.net,468-373-8665,2023-07-18
9633,Dawn,Taylor,2003-01-12,dtaylor@exampleemail.net,614-871-6395,2024-04-11
5186,Larry,Brown,2004-06-08,lbrown@exampleemail.net,848-218-7732,2024-07-24
9196,Miss,MD,2007-06-15,mmd@exampleemail.net,079-354-6034,2024-09-03
7626,Edward,Baker,1998-07-31,ebaker@exampleemail.net,484-463-2171,2021-02-05
6928,Diana,Gould,2007-05-22,dgould@exampleemail.net,303-869-6929,2023-08-04
6752,Paul,Hull,2003-01-25,phull@exampleemail.net,263-262-1335,2021-06-11
3902,Allison,Hamilton,2004-12-10,ahamilton@exampleemail.net,541-704-2400,2023-04-14
6179,John,King,1999-10-31,jking@exampleemail.net,913-504-2605,2021-02-12
9307,Connie,Cooper,2003-09-17,ccooper@exampleemail.net,854-456-9382,2023-05-02
5059,Michaela,Powell,2002-09-22,mpowell@exampleemail.net,704-357-5999,2024-10-20
7697,Lawrence,Roberts,1997-12-15,lroberts@exampleemail.net,667-188-4860,2022-04-29
5128,Nicholas,DDS,2000-05-29,ndds@exampleemail.net,817-222-7196,2022-06-21
3112,Jill,Smith,2006-10-14,jsmith@exampleemail.net,125-332-1061,2020-08-22
9331,Michael,Burns,2005-09-14,mburns@exampleemail.net,565-802-4055,2021-06-16
4711,Adam,Weaver,1997-06-08,aweaver@exampleemail.net,720-047-3113,2024-12-21
6517,Melvin,Mcgee,1999-08-17,mmcgee@exampleemail.net,347-022-3131,2023-12-30
1715,William,Banks,2000-08-18,wbanks@exampleemail.net,358-198-7401,2021-04-16
5670,Gregory,Davila,2004-05-24,gdavila@exampleemail.net,743-727-1022,2022-02-18
6727,Rebekah,Finley,1999-05-05,rfinley@exampleemail.net,937-683-8807,2025-02-04
4678,Robert,Martinez,2004-12-30,rmartinez@exampleemail.net,358-318-7257,2025-03-08
8685,Steven,Crawford,2003-08-17,scrawford@exampleemail.net,610-231-8189,2020-05-17
2029,George,Cannon,1997-12-27,gcannon@exampleemail.net,702-032-5923,2023-07-07
9576,Stephanie,Lawrence,2000-01-29,slawrence@exampleemail.net,749-434-2759,2024-10-17
6447,Adam,Blackwell,1996-12-02,ablackwell@exampleemail.net,343-322-0599,2023-11-26
8840,Andrew,Owens,2000-01-12,aowens@exampleemail.net,224-395-8523,2020-08-04
4060,Leon,Nguyen,2007-03-06,lnguyen@exampleemail.net,445-099-3157,2024-01-06
9937,John,White,1998-05-25,jwhite@exampleemail.net,996-652-3032,2022-06-03
3730,Justin,Martinez,2004-12-08,jmartinez@exampleemail.net,259-860-4470,2021-11-26
3068,Jacob,Murray,2004-05-02,jmurray@exampleemail.net,898-949-2396,2025-01-31
7077,Anthony,Green,2003-12-28,agreen@exampleemail.net,606-766-4408,2023-07-31
8311,Michael,Smith,2003-08-22,msmith@exampleemail.net,102-978-6826,2023-03-15
8292,William,Hogan,2005-11-06,whogan@exampleemail.net,406-457-6878,2024-02-29
3114,Keith,Wu,2002-12-29,kwu@exampleemail.net,026-048-9074,2024-10-05
9234,Ronald,Stewart,2002-12-13,rstewart@exampleemail.net,062-197-4439,2021-10-04
1674,Ronald,Schmidt,2003-10-01,rschmidt@exampleemail.net,585-130-0594,2024-11-17
9159,Courtney,Bradley,1996-08-17,cbradley@exampleemail.net,682-817-5782,2021-10-02
8202,Deanna,Gonzalez,1997-08-21,dgonzalez@exampleemail.net,194-755-5343,2021-01-27
6658,Darrell,Adams,2001-05-17,dadams@exampleemail.net,178-795-4121,2023-05-27
5681,Jill,Williams,1999-08-15,jwilliams@exampleemail.net,941-659-7200,2020-12-17
7563,Julia,Russell,1998-09-08,jrussell@exampleemail.net,598-090-9552,2022-06-14
4261,Tonya,Thompson,2007-03-28,tthompson@exampleemail.net,958-894-4796,2024-08-01
1436,Elizabeth,Andersen,2002-04-03,eandersen@exampleemail.net,652-602-5078,2021-05-04
4340,Christopher,Jones,2006-09-29,cjones@exampleemail.net,738-299-7111,2020-10-03
8932,Alexis,Bates,2001-11-06,abates@exampleemail.net,399-239-7643,2022-11-18
7464,Omar,Gonzalez,2007-04-07,ogonzalez@exampleemail.net,682-624-6074,2022-10-13
8849,Melissa,Perry,1998-11-29,mperry@exampleemail.net,350-469-6508,2023-11-21
4972,Dawn,Torres,1997-04-22,dtorres@exampleemail.net,079-425-9277,2022-09-11
5676,Anna,MD,1997-09-30,amd@exampleemail.net,742-199-6929,2022-01-20
6489,Susan,Morris,2005-11-17,smorris@exampleemail.net,026-639-4766,2023-03-24
3875,Kristy,Rhodes,2002-11-19,krhodes@exampleemail.net,568-363-9135,2021-11-23
7813,Mrs.,Woodward,1999-10-10,mwoodward@exampleemail.net,790-162-9849,2023-02-25
2279,Alexis,Horn,2007-06-21,ahorn@exampleemail.net,837-130-6685,2024-05-06
2904,Shannon,DDS,2004-07-25,sdds@exampleemail.net,417-202-6655,2024-03-22
8484,Alicia,Ortiz,2003-08-30,aortiz@exampleemail.net,185-409-1967,2021-06-27
1372,Gina,Palmer,2005-05-25,gpalmer@exampleemail.net,146-832-4674,2020-06-14
8314,David,Anderson,2001-10-31,danderson@exampleemail.net,386-862-2417,2024-11-23
4948,Kathy,Sandoval,2007-02-10,ksandoval@exampleemail.net,998-951-5298,2023-08-24
7363,Michael,Webb,2001-02-09,mwebb@exampleemail.net,576-624-7954,2021-01-23
1844,Ronnie,Taylor,2006-08-11,rtaylor@exampleemail.net,715-504-8228,2021-07-10
8854,Matthew,Miller,2006-11-17,mmiller@exampleemail.net,236-389-3806,2024-04-16
4974,Shelly,Hurley,1995-05-10,shurley@exampleemail.net,905-565-1712,2023-02-02
6053,Mr.,MD,1996-01-09,mmd@exampleemail.net,502-108-6367,2024-07-03
5836,Anthony,Smith,2006-05-21,asmith@exampleemail.net,851-635-8949,2022-12-26
5216,John,Lopez,2002-09-14,jlopez@exampleemail.net,415-829-6722,2023-08-18
9882,Nathan,Rodgers,1995-11-23,nrodgers@exampleemail.net,076-077-8728,2021-12-25
2113,Martin,Walker,2000-06-28,mwalker@exampleemail.net,288-836-9926,2024-04-25
8993,Jesus,Wood,2007-01-13,jwood@exampleemail.net,404-113-4719,2023-06-02
1280,Kelly,Bell,1995-04-14,kbell@exampleemail.net,082-289-3855,2024-04-22
6807,Kathryn,Randall,2000-09-24,krandall@exampleemail.net,536-200-9548,2023-08-09
5914,Sarah,Norris,1999-10-19,snorris@exampleemail.net,260-559-7452,2022-12-19
8790,William,Wade,2002-08-04,wwade@exampleemail.net,372-179-8594,2022-10-16
7288,Teresa,Sanders,2000-07-02,tsanders@exampleemail.net,244-257-4988,2020-07-07
7499,Richard,Oneal,2003-05-01,roneal@exampleemail.net,248-186-7710,2024-06-26
4043,Christine,Cooper,1998-07-11,ccooper@exampleemail.net,118-014-3642,2024-09-15
2674,Loretta,Gonzalez,2000-11-09,lgonzalez@exampleemail.net,311-865-3338,2021-11-17
2468,Douglas,Ingram,2007-06-14,dingram@exampleemail.net,456-353-8429,2021-10-31
2387,Randy,Anderson,1995-10-23,randerson@exampleemail.net,419-659-1469,2022-01-11
3390,Donna,Shaw,1998-11-25,dshaw@exampleemail.net,544-709-1100,2022-07-10
7224,Taylor,Acosta,2006-04-28,tacosta@exampleemail.net,935-502-8610,2022-07-14
8848,Danielle,Scott,2001-12-04,dscott@exampleemail.net,940-410-1343,2022-01-30
5139,Kimberly,Lambert,1998-07-22,klambert@exampleemail.net,814-174-1313,2020-10-17
9907,Rebecca,DDS,1999-03-14,rdds@exampleemail.net,305-972-7146,2024-01-31
1725,Michael,Anderson,2006-03-08,manderson@exampleemail.net,436-391-6430,2021-12-20
8303,Hannah,Gentry,2005-09-13,hgentry@exampleemail.net,631-902-2100,2020-10-09
5840,Patrick,Reed,2007-10-21,preed@exampleemail.net,939-950-7859,2023-05-23
1370,Thomas,Lee,1995-04-20,tlee@exampleemail.net,673-932-2522,2023-02-24
8037,Michael,Martinez,2004-08-31,mmartinez@exampleemail.net,881-903-1029,2022-06-13
7367,Sean,Hull,2002-04-01,shull@exampleemail.net,293-952-7894,2024-07-06
2388,Sarah,Welch,2005-01-11,swelch@exampleemail.net,505-410-5180,2023-04-24
7852,Mr.,Gilmore,2001-12-19,mgilmore@exampleemail.net,341-948-8536,2020-12-12
8939,Joshua,Kane,1998-03-17,jkane@exampleemail.net,010-569-7328,2022-11-14
8272,Anthony,Wright,1997-02-24,awright@exampleemail.net,185-838-0182,2023-09-11
3755,Nathaniel,Lopez,1996-09-10,nlopez@exampleemail.net,228-486-5195,2021-09-16
5305,Christopher,Moore,2007-08-15,cmoore@exampleemail.net,726-665-6176,2021-10-02
1971,Michael,Gomez,2003-03-22,mgomez@exampleemail.net,420-144-3389,2021-06-29
9019,Caleb,Serrano,1998-08-16,cserrano@exampleemail.net,572-886-4202,2020-06-24
7600,William,Carlson,2000-04-26,wcarlson@exampleemail.net,574-062-6782,2024-09-26
8511,Timothy,Pruitt,2005-05-31,tpruitt@exampleemail.net,684-833-7151,2020-11-13
6533,Mario,Johnston,2000-10-29,mjohnston@exampleemail.net,308-483-2128,2024-06-03
5489,Joyce,Williams,2000-05-07,jwilliams@exampleemail.net,053-467-5105,2020-10-05
3688,Patricia,Williams,2004-01-20,pwilliams@exampleemail.net,130-730-1025,2024-03-04
3293,Michael,Payne,2007-04-28,mpayne@exampleemail.net,416-289-9567,2020-10-02
5065,Brooke,Friedman,2004-10-05,bfriedman@exampleemail.net,243-547-8695,2021-09-12
1894,Daniel,Mathis,1999-04-10,dmathis@exampleemail.net,055-278-6631,2022-03-18
1273,Kimberly,Randolph,1997-12-16,krandolph@exampleemail.net,816-830-1745,2021-04-26
7939,Jack,Simmons,2003-11-14,jsimmons@exampleemail.net,659-579-1235,2021-09-02
3545,Daniel,Mendez,1999-12-13,dmendez@exampleemail.net,579-290-3066,2021-01-19
3735,Shawn,Galloway,2003-02-05,sgalloway@exampleemail.net,252-805-2413,2021-12-03
2262,Thomas,Barnes,2001-08-29,tbarnes@exampleemail.net,707-317-9596,2021-01-04
5444,Patrick,Thompson,2006-06-13,pthompson@exampleemail.net,897-623-5166,2022-08-23
7568,Marissa,Stewart,2008-01-15,mstewart@exampleemail.net,679-852-4266,2021-10-26
5777,Melissa,Wilson,2005-05-06,mwilson@exampleemail.net,346-678-3271,2023-06-11
6488,Mark,Castillo,1996-06-23,mcastillo@exampleemail.net,089-349-1738,2020-11-26
5584,Mr.,Stanton,2000-04-24,mstanton@exampleemail.net,616-666-1571,2024-07-13
2565,Tyrone,Phillips,1998-11-18,tphillips@exampleemail.net,002-581-6666,2022-06-15
5778,Christopher,Collins,1997-08-21,ccollins@exampleemail.net,494-468-9799,2025-03-20
8404,Christopher,Mccullough,2003-10-20,cmccullough@exampleemail.net,952-596-5576,2021-09-23
4522,Carla,Rodriguez,1999-10-05,crodriguez@exampleemail.net,136-573-0832,2021-01-30
3848,Makayla,Howard,2007-03-28,mhoward@exampleemail.net,990-539-6177,2020-09-05
2989,Barbara,White,1998-07-17,bwhite@exampleemail.net,886-450-3283,2024-01-27
1699,Cody,Donovan,1996-09-18,cdonovan@exampleemail.net,350-710-7713,2022-05-01
5835,Benjamin,Alexander,1995-09-19,balexander@exampleemail.net,283-518-3630,2021-09-11
9614,Isaac,Lopez,1997-05-20,ilopez@exampleemail.net,093-713-5887,2025-03-28
1462,Derek,Choi,2001-08-20,dchoi@exampleemail.net,792-983-4743,2022-10-14
1621,Paul,Reese,2002-03-20,preese@exampleemail.net,075-894-2901,2020-06-26
3137,Francisco,Chang,1995-12-04,fchang@exampleemail.net,790-536-8854,2023-06-17
8157,Andrew,Wilkerson,1997-05-07,awilkerson@exampleemail.net,537-702-5623,2024-10-23
6026,Brandon,Alvarez,2002-04-29,balvarez@exampleemail.net,848-978-7207,2023-02-13
4619,Gary,Young,2004-06-13,gyoung@exampleemail.net,016-007-2452,2023-10-13
6500,Jessica,Wright,1998-11-24,jwright@exampleemail.net,055-065-9893,2022-08-30
2661,Alexander,DDS,2007-01-21,adds@exampleemail.net,091-013-2728,2022-01-10
2715,James,Martinez,1997-09-16,jmartinez@exampleemail.net,688-639-4636,2020-07-26
8909,Francisco,Williams,1999-01-07,fwilliams@exampleemail.net,721-922-9335,2023-03-02
7705,Jordan,Brooks,2006-12-06,jbrooks@exampleemail.net,923-311-7391,2021-04-20
1893,Kurt,Boyd,1998-06-28,kboyd@exampleemail.net,151-398-3055,2024-05-17
4390,Bryan,Salazar,1997-02-24,bsalazar@exampleemail.net,627-229-3082,2021-12-19
2493,Mrs.,Roy,2006-12-09,mroy@exampleemail.net,229-330-0836,2020-04-15
4727,Kathleen,Newton,2007-05-27,knewton@exampleemail.net,686-292-3495,2022-12-23
5896,Julian,Fox,2004-01-27,jfox@exampleemail.net,028-633-8947,2025-03-14
2970,Kylie,Hancock,1995-10-14,khancock@exampleemail.net,441-100-0662,2025-01-19
4308,Matthew,Werner,1996-10-03,mwerner@exampleemail.net,839-087-7184,2021-08-20
5525,Kelsey,Bush,2002-12-04,kbush@exampleemail.net,413-966-6804,2023-05-12
2730,Brandon,Dickerson,2000-03-21,bdickerson@exampleemail.net,349-633-5357,2022-06-06
1613,Jamie,Allen,2003-06-26,jallen@exampleemail.net,023-589-1516,2020-04-01
4734,Elizabeth,Chavez,2007-07-03,echavez@exampleemail.net,384-306-8627,2024-01-21
9303,Donna,Hardin,1995-09-05,dhardin@exampleemail.net,487-522-8563,2020-07-13
6640,Samuel,Shaw,2001-04-09,sshaw@exampleemail.net,663-613-5535,2020-04-24
4626,Mike,Waters,1999-05-13,mwaters@exampleemail.net,581-176-7701,2022-02-08
4086,Laurie,Johnson,1998-08-05,ljohnson@exampleemail.net,837-347-0464,2020-09-15
9148,John,Coleman,2003-12-05,jcoleman@exampleemail.net,041-369-8224,2024-12-07
6622,John,Carter,1998-08-14,jcarter@exampleemail.net,185-498-7613,2024-07-02
5813,Mr.,Garrett,2003-08-31,mgarrett@exampleemail.net,455-162-3765,2024-10-05
1879,Richard,Gonzalez,2006-10-26,rgonzalez@exampleemail.net,118-922-2175,2025-02-19
3470,Alex,White,2004-05-15,awhite@exampleemail.net,218-052-1196,2023-12-05
2324,Michael,Gonzales,2006-01-03,mgonzales@exampleemail.net,449-018-7041,2023-07-13
1076,Daniel,Herrera,1999-11-10,dherrera@exampleemail.net,079-213-8252,2023-06-13
6615,Heidi,Simmons,1998-11-08,hsimmons@exampleemail.net,716-138-5099,2021-09-04
1359,Andrea,Fuller,1996-08-07,afuller@exampleemail.net,476-767-2735,2024-05-13
1785,David,Dunlap,1999-09-03,ddunlap@exampleemail.net,850-721-1744,2020-07-12
3508,Antonio,Mitchell,1997-11-26,amitchell@exampleemail.net,027-515-2917,2023-12-25
7862,Mariah,Cole,2006-10-21,mcole@exampleemail.net,862-573-7952,2023-01-17
6416,Raymond,Murillo,2001-06-01,rmurillo@exampleemail.net,099-013-3275,2024-03-17
2659,Andrea,Bradley,2001-04-27,abradley@exampleemail.net,501-212-5575,2022-03-19
2699,Eric,Scott,1999-09-11,escott@exampleemail.net,062-471-3004,2021-10-21
6664,Robin,Spears,2006-10-26,rspears@exampleemail.net,752-699-7514,2021-08-03
3709,David,Owens,2005-11-19,dowens@exampleemail.net,156-979-7944,2020-08-12
6952,Sarah,Bailey,2005-11-08,sbailey@exampleemail.net,726-650-3516,2021-04-27
2741,Kendra,Ramirez,1999-03-03,kramirez@exampleemail.net,532-439-6181,2022-09-30
7437,Diane,Ross,2003-05-08,dross@exampleemail.net,308-335-2396,2023-04-04
8381,Stephanie,Mcfarland,2003-02-23,smcfarland@exampleemail.net,403-755-0152,2020-05-12
8912,Michelle,Woods,1998-02-27,mwoods@exampleemail.net,450-035-1917,2024-09-28
7859,David,Ruiz,2003-07-16,druiz@exampleemail.net,403-168-8296,2023-09-11
6876,David,Park,2001-08-31,dpark@exampleemail.net,183-289-6900,2023-01-27
1769,Christopher,Poole,2001-04-13,cpoole@exampleemail.net,222-112-0247,2020-07-26
4063,Virginia,Daniel,1996-07-16,vdaniel@exampleemail.net,440-817-7658,2022-07-03
9037,Brett,Barrett,2005-10-22,bbarrett@exampleemail.net,473-778-1100,2021-01-30
9691,Haley,Robertson,1995-09-28,hrobertson@exampleemail.net,656-903-4361,2024-11-15
1653,Michelle,Gonzalez,1996-09-15,mgonzalez@exampleemail.net,077-998-1734,2023-01-01
9814,Felicia,Howard,1999-09-09,fhoward@exampleemail.net,252-537-7641,2022-05-20
2181,Sean,Walker,1995-09-18,swalker@exampleemail.net,497-039-7490,2024-01-14
2154,Brianna,Mills,1995-05-26,bmills@exampleemail.net,258-211-2424,2022-11-24
2938,Michael,Case,1995-06-12,mcase@exampleemail.net,487-523-9708,2022-07-04
5748,Felicia,Houston,1997-11-29,fhouston@exampleemail.net,060-434-2904,2021-06-21
3561,Kevin,Wilson,2002-11-27,kwilson@exampleemail.net,932-782-4835,2023-04-08
5533,Paul,Williams,2001-07-22,pwilliams@exampleemail.net,853-186-9412,2024-10-22
3879,Tyler,Boyer,2005-10-23,tboyer@exampleemail.net,941-513-3986,2022-05-01
7637,Kristy,Nichols,2007-03-05,knichols@exampleemail.net,536-962-4243,2022-07-09
7430,Darren,Martin,2006-09-07,dmartin@exampleemail.net,110-768-1101,2020-10-02
9485,Jesus,Henson,2002-01-27,jhenson@exampleemail.net,513-209-6011,2020-06-04
5314,Robin,Stewart,2004-02-24,rstewart@exampleemail.net,233-034-3611,2020-12-07
3713,Ronnie,White,2004-07-10,rwhite@exampleemail.net,264-017-3185,2022-03-21
4773,John,Fox,2003-10-25,jfox@exampleemail.net,741-813-5650,2023-06-08
1916,Daniel,Scott,1997-10-02,dscott@exampleemail.net,902-740-3854,2023-12-10
9706,Tiffany,Moore,2005-05-26,tmoore@exampleemail.net,091-041-6660,2020-06-03
9553,Sylvia,Chavez,2007-11-29,schavez@exampleemail.net,641-392-2633,2023-07-23
5223,Ashlee,Wilcox,2001-08-31,awilcox@exampleemail.net,097-345-3802,2023-12-14
6175,Lance,Johnson,2000-01-19,ljohnson@exampleemail.net,164-284-5471,2022-09-27
2642,Patrick,MD,2004-10-05,pmd@exampleemail.net,607-704-9360,2022-03-21
2492,Cole,Gomez,1999-12-30,cgomez@exampleemail.net,013-159-5904,2023-09-19
7296,Alejandro,Gutierrez,1998-04-27,agutierrez@exampleemail.net,376-325-9707,2020-06-07
4304,Natalie,Long,2005-11-24,nlong@exampleemail.net,876-867-3774,2023-05-22
6893,Abigail,Ingram,1997-01-25,aingram@exampleemail.net,231-192-8948,2021-01-19
9482,Eileen,Lee,2005-05-06,elee@exampleemail.net,747-597-0237,2023-12-02
2185,Melanie,Wilson,1996-05-03,mwilson@exampleemail.net,604-119-3964,2024-06-22
4610,Christopher,Payne,2005-08-06,cpayne@exampleemail.net,489-806-4472,2022-01-01
5706,John,Franklin,1996-02-29,jfranklin@exampleemail.net,346-915-1303,2024-02-05
3994,Angel,Stout,2003-02-08,astout@exampleemail.net,342-472-5295,2021-01-06
1887,Zachary,Daniel,1998-11-19,zdaniel@exampleemail.net,228-027-1602,2023-04-14
8490,Angel,Howard,2006-11-25,ahoward@exampleemail.net,523-301-7876,2021-01-01
4744,Sean,Levine,2006-06-18,slevine@exampleemail.net,106-080-7513,2021-12-05
8749,Brian,Diaz,1995-04-15,bdiaz@exampleemail.net,548-386-6498,2022-03-20
5915,Catherine,Koch,2005-09-26,ckoch@exampleemail.net,750-460-2753,2021-04-27
5663,Mary,Warren,2003-04-27,mwarren@exampleemail.net,691-019-3102,2024-01-17
3745,Amanda,Bryant,2003-11-23,abryant@exampleemail.net,164-661-6493,2020-04-06
6191,Joel,Ford,2001-09-11,jford@exampleemail.net,310-750-3967,2020-10-16
7782,Mark,Miller,2003-10-28,mmiller@exampleemail.net,268-443-2069,2021-12-29
9584,Lisa,Mitchell,2000-04-22,lmitchell@exampleemail.net,041-870-9552,2024-06-28
8260,William,White,2004-07-09,wwhite@exampleemail.net,710-557-9481,2024-08-17
8816,Sydney,Patterson,2008-02-05,spatterson@exampleemail.net,818-251-6332,2024-02-10
8161,Lisa,Johnson,2008-01-09,ljohnson@exampleemail.net,578-963-0319,2020-06-30
9464,Todd,Jackson,2002-10-21,tjackson@exampleemail.net,061-040-9019,2022-04-07
8460,Shelby,Richards,2002-11-12,srichards@exampleemail.net,496-925-7708,2022-10-30
4046,Joseph,Roberts,2007-11-21,jroberts@exampleemail.net,698-400-8619,2022-10-11
9086,Samantha,Burton,1995-05-23,sburton@exampleemail.net,605-888-6210,2021-05-14
2314,Cynthia,Mcdonald,1998-02-13,cmcdonald@exampleemail.net,924-679-2348,2022-07-29
1206,Kimberly,Petty,1998-02-03,kpetty@exampleemail.net,262-357-2478,2021-02-02
9538,Joshua,Carpenter,2002-03-28,jcarpenter@exampleemail.net,202-369-0897,2022-01-13
5150,Jessica,Fuller,2000-07-01,jfuller@exampleemail.net,412-666-9244,2023-11-26
6316,Andrea,Barber,2007-09-26,abarber@exampleemail.net,921-055-7536,2020-04-19
3539,Brian,Lyons,2007-10-06,blyons@exampleemail.net,854-766-4410,2024-01-01
8187,Robert,Taylor,2004-01-23,rtaylor@exampleemail.net,586-726-6031,2021-04-05
2128,Steven,Myers,1995-12-26,smyers@exampleemail.net,680-646-4705,2024-06-08
4039,Cassandra,Perez,2005-07-11,cperez@exampleemail.net,935-007-0598,2023-05-26
7366,Amy,Fisher,2007-12-29,afisher@exampleemail.net,061-855-5222,2022-02-18
1214,Stephanie,Reid,1998-08-08,sreid@exampleemail.net,200-158-6408,2024-07-25
4784,Christina,Russo,1997-08-08,crusso@exampleemail.net,883-787-4791,2020-07-27
2728,Raymond,Howell,1995-06-26,rhowell@exampleemail.net,991-414-3245,2020-09-14
9747,Angela,Perez,1996-11-05,aperez@exampleemail.net,063-016-9275,2022-05-30
4817,Melissa,Lucas,1997-09-25,mlucas@exampleemail.net,318-032-4193,2023-12-01
8905,Heidi,Leonard,2002-02-13,hleonard@exampleemail.net,420-779-2761,2021-08-27
7266,Richard,Swanson,2006-01-02,rswanson@exampleemail.net,416-255-9890,2020-07-16
3509,Lauren,Simpson,2006-06-14,lsimpson@exampleemail.net,186-680-7115,2024-01-21
8245,Peggy,Hill,1995-08-16,phill@exampleemail.net,846-624-6191,2020-07-20
8373,Laura,Stevens,2005-06-09,lstevens@exampleemail.net,445-618-5682,2021-03-12
9991,Terri,Potter,2000-12-09,tpotter@exampleemail.net,780-478-9786,2022-04-19
5653,Veronica,Saunders,1997-10-07,vsaunders@exampleemail.net,125-313-1504,2020-05-15
6465,Jennifer,Dickson,1995-04-19,jdickson@exampleemail.net,443-390-6499,2025-01-12
9212,Alexa,West,1999-11-15,awest@exampleemail.net,295-470-0870,2021-11-04
3248,Phillip,Donovan,1998-11-12,pdonovan@exampleemail.net,983-369-5426,2021-10-23
6395,Monique,King,1995-12-02,mking@exampleemail.net,298-473-6894,2023-07-05
4804,Nathan,Wall,1995-12-07,nwall@exampleemail.net,123-708-3690,2024-09-21
4014,Kristin,Macias,2008-02-11,kmacias@exampleemail.net,876-532-6331,2022-02-03
9530,Bradley,Stevens,1999-11-29,bstevens@exampleemail.net,561-582-4763,2023-12-31
7347,Morgan,Hampton,2003-06-11,mhampton@exampleemail.net,109-698-6518,2023-02-12
7440,Samantha,Novak,2006-06-16,snovak@exampleemail.net,848-661-2247,2022-07-20
2477,Audrey,Robinson,1997-10-09,arobinson@exampleemail.net,148-872-9950,2022-04-29
9383,Lindsey,Kerr,2001-03-15,lkerr@exampleemail.net,463-006-6298,2020-05-05
3656,Cynthia,Nguyen,1999-07-22,cnguyen@exampleemail.net,409-720-0542,2023-09-26
9084,Matthew,Stevenson,1997-01-09,mstevenson@exampleemail.net,481-953-3857,2020-09-27
5009,Rhonda,White,1997-06-29,rwhite@exampleemail.net,029-871-0809,2021-06-10
3381,Larry,Ramsey,2007-12-04,lramsey@exampleemail.net,648-131-5069,2024-08-06
5659,Kimberly,Anderson,1996-01-04,kanderson@exampleemail.net,235-247-7187,2022-01-10
4425,Kelly,Baker,2007-03-29,kbaker@exampleemail.net,126-986-6328,2023-03-15
7996,Wendy,Miller,1999-01-16,wmiller@exampleemail.net,053-318-7424,2022-12-27
9069,Michael,Webster,1998-12-28,mwebster@exampleemail.net,898-937-2189,2022-09-03
4396,Michelle,Ryan,1996-12-06,mryan@exampleemail.net,905-334-0824,2025-02-10
5168,Justin,Jennings,2001-08-22,jjennings@exampleemail.net,859-985-3490,2020-05-30
7488,Norma,Ward,1995-08-17,nward@exampleemail.net,336-206-9026,2023-12-10
6152,Amy,Evans,2001-12-03,aevans@exampleemail.net,917-916-4516,2020-07-04
9192,Stephen,Ramirez,2000-12-19,sramirez@exampleemail.net,426-990-8143,2023-11-07
4361,Nicholas,Baxter,1998-05-06,nbaxter@exampleemail.net,046-848-5992,2023-05-10
6460,Raymond,Smith,1999-06-09,rsmith@exampleemail.net,081-399-3558,2023-05-20
6257,Roy,Johnson,2003-02-10,rjohnson@exampleemail.net,353-093-7706,2024-08-26
5440,Justin,Johnson,2001-04-08,jjohnson@exampleemail.net,184-144-4334,2022-06-25
8304,Kaylee,Benjamin,2006-12-17,kbenjamin@exampleemail.net,590-537-4277,2024-11-24
2593,Charles,Murphy,2007-01-22,cmurphy@exampleemail.net,770-301-7157,2021-01-06
8842,Michael,Woods,1996-05-14,mwoods@exampleemail.net,933-231-8619,2024-12-08
6339,Michael,Kane,1999-09-03,mkane@exampleemail.net,345-719-8173,2024-02-26
8903,Susan,Benson,1999-07-30,sbenson@exampleemail.net,342-978-3155,2022-03-10
3835,Timothy,Armstrong,2004-05-17,tarmstrong@exampleemail.net,101-775-6644,2021-09-11
3886,Cindy,Harvey,1996-11-30,charvey@exampleemail.net,711-256-6536,2021-02-27
9098,Caitlin,Carter,2006-08-01,ccarter@exampleemail.net,443-943-5036,2024-07-29
8421,Ricky,Johnson,2007-10-04,rjohnson@exampleemail.net,721-675-2299,2021-07-15
5989,Bryan,Hoover,2002-11-06,bhoover@exampleemail.net,535-593-1754,2024-10-15
2022,Elijah,Wagner,2001-09-14,ewagner@exampleemail.net,114-388-3090,2021-01-27
8073,Felicia,Davis,1999-08-05,fdavis@exampleemail.net,109-235-5236,2020-05-06
3200,Michael,Yoder,1995-11-03,myoder@exampleemail.net,209-690-0604,2021-06-08
7303,Joanna,Martinez,1997-12-13,jmartinez@exampleemail.net,890-590-4414,2025-03-20
9220,Penny,Hopkins,1995-09-19,phopkins@exampleemail.net,989-462-9046,2021-11-06
5017,Jennifer,Morgan,1996-10-03,jmorgan@exampleemail.net,075-836-5510,2023-04-09
8681,Dalton,Chen,2004-02-12,dchen@exampleemail.net,715-213-0650,2020-12-06
3744,Mrs.,MD,2002-12-17,mmd@exampleemail.net,042-985-2049,2022-11-29
5780,Melissa,Wang,1996-06-30,mwang@exampleemail.net,511-727-3900,2021-09-13
7222,Deanna,Jones,1996-04-26,djones@exampleemail.net,793-174-4558,2024-02-20
5183,Peter,Figueroa,2007-01-20,pfigueroa@exampleemail.net,635-587-1298,2022-07-29
4594,Jonathon,Woodward,2001-06-30,jwoodward@exampleemail.net,637-551-8187,2023-06-11
2995,Brian,Hayes,2000-07-14,bhayes@exampleemail.net,043-156-7908,2024-10-13
3915,Terri,Hayden,2001-01-06,thayden@exampleemail.net,931-258-3388,2025-01-27
9857,Taylor,Burns,1997-06-27,tburns@exampleemail.net,144-498-1203,2025-03-14
5105,Andrew,Jimenez,2006-11-26,ajimenez@exampleemail.net,466-539-6347,2020-11-08
7411,Wendy,King,2007-10-19,wking@exampleemail.net,353-529-0758,2024-07-29
8898,Luis,Carter,1995-06-21,lcarter@exampleemail.net,929-018-5017,2022-05-21
9791,Brittany,Andrews,2007-08-19,bandrews@exampleemail.net,372-728-8601,2024-02-11
1750,William,Weber,2002-05-21,wweber@exampleemail.net,880-918-8834,2021-08-11
2742,Angela,Ortiz,2002-05-19,aortiz@exampleemail.net,812-830-8617,2021-09-18
3185,Travis,Harrell,1997-07-20,tharrell@exampleemail.net,139-834-6331,2024-07-31
5648,Craig,Mccann,2004-11-30,cmccann@exampleemail.net,921-919-6565,2025-02-25
4144,Kelly,Cohen,1998-12-09,kcohen@exampleemail.net,111-561-9281,2024-02-29
9804,Henry,Johnson,2006-10-15,hjohnson@exampleemail.net,751-708-9929,2020-09-11
6340,Keith,Wilson,2006-10-24,kwilson@exampleemail.net,114-447-7422,2024-01-13
4276,Jordan,Chase,2000-11-05,jchase@exampleemail.net,677-347-1106,2023-08-03
8454,Kayla,Solomon,1997-12-10,ksolomon@exampleemail.net,485-918-2212,2023-05-24
6503,Hayley,Johnson,2004-09-26,hjohnson@exampleemail.net,280-516-0657,2024-12-20
3804,John,Bender,2002-02-05,jbender@exampleemail.net,230-642-0490,2022-09-28
5041,Michael,Willis,1996-09-01,mwillis@exampleemail.net,624-111-7079,2020-12-21
1724,James,Simmons,2002-06-23,jsimmons@exampleemail.net,536-016-8207,2022-06-24
8452,Michael,Walters,1995-06-23,mwalters@exampleemail.net,911-635-5723,2024-07-04
7305,Jason,Anderson,2000-08-31,janderson@exampleemail.net,214-807-1960,2020-05-08
6989,James,Hoover,2001-01-09,jhoover@exampleemail.net,527-705-1437,2023-08-31
9714,Erica,Thomas,1995-08-10,ethomas@exampleemail.net,688-084-9618,2023-02-05
5803,Molly,Jones,1995-04-27,mjones@exampleemail.net,972-311-8569,2021-06-09
7093,Arthur,Johnson,1997-09-27,ajohnson@exampleemail.net,709-841-6611,2020-11-30
3986,Collin,Edwards,2004-07-25,cedwards@exampleemail.net,400-015-2655,2024-10-21
8306,David,Jimenez,2006-12-27,djimenez@exampleemail.net,387-205-0127,2020-04-03
6915,Marvin,Cardenas,1996-08-03,mcardenas@exampleemail.net,712-105-9321,2023-10-24
2449,Christopher,Taylor,1999-08-24,ctaylor@exampleemail.net,142-188-2641,2023-04-13
4264,Brenda,Bell,2002-09-25,bbell@exampleemail.net,121-832-9553,2023-05-14
8593,Ashley,Nguyen,2001-11-04,anguyen@exampleemail.net,259-622-7387,2020-12-09
7834,Michael,Bailey,1998-08-26,mbailey@exampleemail.net,283-236-4760,2022-07-16
1798,Karen,Cruz,2005-03-17,kcruz@exampleemail.net,938-363-5373,2022-08-24
9908,Jodi,Taylor,1998-02-25,jtaylor@exampleemail.net,843-568-5268,2022-05-07
3243,Thomas,Mcgrath,1995-07-30,tmcgrath@exampleemail.net,577-372-6371,2023-09-12
3108,Karen,Wolf,1995-04-23,kwolf@exampleemail.net,464-086-5877,2022-07-27
4365,Ashley,Jordan,2003-12-05,ajordan@exampleemail.net,036-450-6420,2024-06-15
3630,Lonnie,Williams,1995-07-17,lwilliams@exampleemail.net,713-490-3500,2021-06-11
5617,Michael,Poole,2001-07-23,mpoole@exampleemail.net,941-860-6706,2020-05-24
8203,David,Martinez,2005-12-19,dmartinez@exampleemail.net,231-773-6519,2021-11-15
3025,Eduardo,Miller,2001-10-05,emiller@exampleemail.net,760-143-8173,2022-06-16
2723,Audrey,Woods,2002-03-04,awoods@exampleemail.net,722-027-9726,2024-10-05
3764,Lauren,Brown,2002-12-30,lbrown@exampleemail.net,508-207-8576,2024-10-10
5563,Stephanie,Merritt,2000-12-15,smerritt@exampleemail.net,978-701-4094,2024-08-11
2770,Rebecca,Jones,1998-07-08,rjones@exampleemail.net,347-037-2032,2020-09-23
2117,Isaiah,Arnold,2005-02-20,iarnold@exampleemail.net,457-325-9642,2021-02-08
2253,Andrea,Frey,2003-10-23,afrey@exampleemail.net,034-034-7746,2024-07-03
1517,Andrew,Dudley,1997-09-03,adudley@exampleemail.net,237-270-0639,2022-04-17
6779,Jeff,Phillips,2004-03-14,jphillips@exampleemail.net,711-727-4978,2024-03-29
6591,Dawn,Edwards,1995-08-12,dedwards@exampleemail.net,655-857-4894,2020-06-11
4844,Paige,Campbell,1998-10-28,pcampbell@exampleemail.net,019-308-9750,2020-06-13
1612,Belinda,Kim,1996-01-14,bkim@exampleemail.net,687-744-9157,2023-08-30
6504,Ruben,Steele,2006-01-15,rsteele@exampleemail.net,121-823-2600,2022-11-23
2234,Bradley,Martinez,2002-10-15,bmartinez@exampleemail.net,555-784-1809,2023-01-25
2552,Alison,Williams,2000-01-26,awilliams@exampleemail.net,033-071-5335,2024-03-20
5945,Scott,Ferguson,2006-12-24,sferguson@exampleemail.net,393-442-5648,2023-06-24
9971,David,Brown,2005-02-25,dbrown@exampleemail.net,588-556-3239,2022-07-06
7649,Renee,Scott,1998-03-04,rscott@exampleemail.net,815-118-6395,2024-11-29
7914,Aimee,Green,1996-01-24,agreen@exampleemail.net,162-969-3766,2024-05-21
1691,Ricky,Jenkins,2001-04-02,rjenkins@exampleemail.net,530-031-6260,2024-03-06
2479,Kelly,MD,2007-04-12,kmd@exampleemail.net,840-761-9674,2020-05-11
9133,Sean,Smith,2003-10-22,ssmith@exampleemail.net,612-732-2172,2023-12-03
7928,Robert,Johnson,1997-06-24,rjohnson@exampleemail.net,518-509-6765,2020-06-05
6947,Ryan,West,2004-05-16,rwest@exampleemail.net,049-773-3372,2020-08-09
5929,Christina,Fitzgerald,2002-02-01,cfitzgerald@exampleemail.net,286-073-0145,2023-06-09
1555,Susan,Roberson,1999-02-18,sroberson@exampleemail.net,480-241-7848,2024-11-08
4010,Jodi,Rogers,2008-03-03,jrogers@exampleemail.net,105-302-1026,2024-08-10
3585,Michelle,Clay,2004-03-08,mclay@exampleemail.net,834-004-4554,2024-02-18
5270,Jacob,Bean,1997-07-19,jbean@exampleemail.net,679-722-6149,2024-04-28
4677,Robert,Harper,1997-01-07,rharper@exampleemail.net,051-412-7244,2020-06-20
1231,Michelle,Graham,2001-04-19,mgraham@exampleemail.net,635-350-5820,2023-05-04
5717,Seth,Johnson,1997-12-17,sjohnson@exampleemail.net,201-027-5702,2024-01-29
8506,Julia,Sanchez,1998-12-26,jsanchez@exampleemail.net,437-546-4239,2022-06-23
1745,Justin,Sharp,2003-12-03,jsharp@exampleemail.net,062-126-5692,2024-07-30
3323,Christine,Mullins,2004-01-31,cmullins@exampleemail.net,315-839-3430,2023-02-02
5312,Timothy,Mcbride,1995-06-08,tmcbride@exampleemail.net,257-309-5192,2021-01-21
1871,Deborah,Reyes,1997-07-27,dreyes@exampleemail.net,196-204-9583,2023-11-27
1067,Makayla,Rhodes,1997-06-30,mrhodes@exampleemail.net,635-077-7846,2023-06-05
8439,Sean,Hernandez,2003-12-01,shernandez@exampleemail.net,327-833-6421,2021-01-30
4463,Christine,Young,1998-11-18,cyoung@exampleemail.net,199-754-6164,2020-11-14
3916,Brian,Hale,2001-06-26,bhale@exampleemail.net,362-397-0869,2021-10-12
2975,Sandra,Hart,1995-07-28,shart@exampleemail.net,978-422-9769,2024-03-20
9021,Christine,Curtis,2004-01-02,ccurtis@exampleemail.net,701-556-2595,2022-05-06
4053,Tara,Johnson,2003-05-28,tjohnson@exampleemail.net,439-568-7797,2021-06-24
5073,Miguel,Leblanc,2002-04-21,mleblanc@exampleemail.net,919-790-0728,2023-11-13
7766,Christina,Mcintyre,2001-06-03,cmcintyre@exampleemail.net,584-222-2681,2023-07-30
2866,John,Weber,1999-04-18,jweber@exampleemail.net,634-687-0042,2020-09-23
3213,Christine,Shah,2004-07-25,cshah@exampleemail.net,315-811-5699,2021-09-11
8139,Lisa,Maynard,2005-02-09,lmaynard@exampleemail.net,139-325-2750,2022-12-15
8295,Lisa,Lynch,1998-02-14,llynch@exampleemail.net,292-914-1594,2024-06-08
6469,Angela,Warren,1999-09-10,awarren@exampleemail.net,303-774-9055,2021-07-17
1994,Yvonne,Krueger,1998-07-26,ykrueger@exampleemail.net,714-237-7064,2021-12-10
2915,Keith,Bailey,1997-04-08,kbailey@exampleemail.net,146-277-8623,2020-06-16
6633,Barbara,Case,2006-07-07,bcase@exampleemail.net,023-411-2952,2022-04-07
3148,Jamie,Torres,2008-01-23,jtorres@exampleemail.net,971-395-6418,2021-11-29
8911,Justin,Jacobs,2005-06-03,jjacobs@exampleemail.net,070-155-1903,2024-05-09
2043,Michelle,Kelly,1995-06-16,mkelly@exampleemail.net,365-459-1286,2020-11-24
6820,Terry,Hernandez,2001-08-22,thernandez@exampleemail.net,826-945-9528,2020-07-20
2817,Aaron,Duarte,2001-10-20,aduarte@exampleemail.net,332-297-2720,2022-12-08
3257,Troy,Bradford,2000-05-03,tbradford@exampleemail.net,926-600-8261,2022-07-04
2396,Bobby,Wilkinson,2002-02-09,bwilkinson@exampleemail.net,865-808-3437,2022-03-20
9647,Todd,Brooks,2004-12-18,tbrooks@exampleemail.net,264-232-8365,2020-10-07
7627,Madeline,Rush,2004-09-21,mrush@exampleemail.net,551-181-9480,2025-01-26
1383,Nicole,Frederick,2005-01-18,nfrederick@exampleemail.net,906-705-1693,2024-09-19
8424,Mallory,Fletcher,2003-01-13,mfletcher@exampleemail.net,492-070-9115,2021-12-30
7751,Kelly,Suarez,2002-02-28,ksuarez@exampleemail.net,316-865-5680,2024-05-07
3364,Lauren,Stephens,1995-04-09,lstephens@exampleemail.net,257-357-8459,2023-10-29
1534,Penny,Miller,2003-02-28,pmiller@exampleemail.net,268-374-6611,2021-06-13
1659,Paula,Stewart,2003-10-25,pstewart@exampleemail.net,547-820-3843,2021-08-21
3328,Jonathan,Johnson,1995-04-16,jjohnson@exampleemail.net,158-926-9374,2025-01-27
2106,Laura,Ross,2006-04-20,lross@exampleemail.net,155-811-2202,2024-03-22
8786,Brandy,Wilson,1996-08-24,bwilson@exampleemail.net,562-097-7197,2024-09-07
2463,Brittany,Briggs,2002-05-09,bbriggs@exampleemail.net,557-555-0911,2021-12-26
2450,Carl,Coleman,2006-07-16,ccoleman@exampleemail.net,314-108-3046,2024-08-25
9877,Crystal,Chandler,2006-01-29,cchandler@exampleemail.net,166-696-2394,2022-02-18
2878,Julie,Jackson,2001-03-15,jjackson@exampleemail.net,962-072-2551,2023-03-17
7672,Cindy,Morales,1997-05-08,cmorales@exampleemail.net,476-224-8840,2021-12-09
7676,Kimberly,Calderon,2004-01-20,kcalderon@exampleemail.net,817-671-2184,2021-05-15
5990,Lisa,Brooks,2003-11-22,lbrooks@exampleemail.net,703-824-2484,2023-06-23
9806,Destiny,Todd,1998-07-12,dtodd@exampleemail.net,236-546-4978,2022-07-22
8077,Martha,Moody,1998-09-08,mmoody@exampleemail.net,516-343-8389,2021-07-11
5473,James,Torres,1996-01-22,jtorres@exampleemail.net,376-880-1529,2020-10-20
2270,Shelly,Stuart,2007-11-01,sstuart@exampleemail.net,021-711-3331,2023-07-18
3044,Julie,Williams,2002-05-10,jwilliams@exampleemail.net,265-353-7332,2023-03-01
2070,Jeffrey,Torres,2007-07-15,jtorres@exampleemail.net,358-724-8085,2022-10-28
7666,Alan,Williams,2000-06-16,awilliams@exampleemail.net,239-081-4625,2020-04-20
4696,Dawn,Nguyen,1998-10-16,dnguyen@exampleemail.net,097-566-5393,2023-07-17
1456,Andrea,Phillips,1998-04-10,aphillips@exampleemail.net,957-157-5435,2023-11-26
1897,Joseph,Ellis,1999-04-29,jellis@exampleemail.net,155-435-6552,2022-05-07
7581,Jennifer,Smith,1996-01-04,jsmith@exampleemail.net,403-533-8854,2021-07-14
8014,Vickie,Holloway,1997-01-29,vholloway@exampleemail.net,084-364-1349,2020-10-19
6098,Amber,Gray,1998-03-08,agray@exampleemail.net,554-884-5829,2020-07-28
1939,Christian,Barr,2007-08-29,cbarr@exampleemail.net,469-109-4330,2020-07-13
7558,Rebecca,Kelly,1998-03-19,rkelly@exampleemail.net,428-166-8537,2024-08-29
8215,Aaron,Walls,1999-05-24,awalls@exampleemail.net,892-009-0051,2022-12-10
3855,Mark,King,1996-10-04,mking@exampleemail.net,792-276-7423,2023-09-26
5049,Ashley,Kaufman,2007-11-14,akaufman@exampleemail.net,288-347-2529,2022-05-15
2062,Megan,Bernard,2004-08-06,mbernard@exampleemail.net,696-629-9509,2024-03-27
9609,Kelly,Harper,1999-04-02,kharper@exampleemail.net,295-258-5391,2020-08-06
4325,Daniel,White,1995-04-25,dwhite@exampleemail.net,903-175-0717,2020-06-19
5096,Jeremy,Shields,2000-11-04,jshields@exampleemail.net,841-164-2285,2021-06-09
4728,Christine,Hamilton,1995-06-19,chamilton@exampleemail.net,356-798-9517,2024-02-15
6581,Crystal,Proctor,2007-11-01,cproctor@exampleemail.net,137-655-1834,2021-10-07
7608,Victoria,Mcbride,2005-02-14,vmcbride@exampleemail.net,404-854-8236,2023-10-20
2138,Frank,DDS,2001-10-04,fdds@exampleemail.net,339-662-9542,2024-01-13
9615,Anita,Dougherty,2007-08-20,adougherty@exampleemail.net,311-481-1828,2023-02-17
6681,Alicia,Watson,2003-04-24,awatson@exampleemail.net,745-545-4239,2021-05-20
8501,Deborah,Hunter,1999-09-17,dhunter@exampleemail.net,295-324-8237,2022-11-29
9810,Morgan,Gilbert,2004-05-30,mgilbert@exampleemail.net,315-481-6504,2022-12-10
9264,Taylor,Crawford,2005-04-05,tcrawford@exampleemail.net,716-343-4135,2022-06-03
6359,Cory,DDS,1998-11-02,cdds@exampleemail.net,960-729-4888,2022-03-03
3759,Kyle,Perez,2001-11-07,kperez@exampleemail.net,207-849-5290,2022-03-31
8242,Kelly,MD,2007-09-12,kmd@exampleemail.net,565-647-7544,2022-02-17
4305,Angela,Garcia,1998-11-12,agarcia@exampleemail.net,390-677-4498,2024-08-29
4148,Dylan,Vaughan,2006-06-28,dvaughan@exampleemail.net,437-471-0519,2024-12-08
4105,Kevin,Santiago,2001-06-12,ksantiago@exampleemail.net,185-771-8567,2021-08-07
1245,Terry,Rodriguez,1998-08-23,trodriguez@exampleemail.net,418-912-5746,2022-05-11
1719,Chad,Mason,2000-02-16,cmason@exampleemail.net,459-181-7945,2021-01-26
5127,Jessica,Ferguson,1999-05-12,jferguson@exampleemail.net,095-318-1679,2020-10-23
2300,Jason,Hood,2004-11-06,jhood@exampleemail.net,167-332-7467,2023-09-04
1388,Tyler,Mccormick,2004-08-08,tmccormick@exampleemail.net,684-249-1656,2023-08-15
4644,Megan,Murphy,2000-04-14,mmurphy@exampleemail.net,570-798-0566,2023-04-06
1324,Teresa,Rodriguez,1997-09-04,trodriguez@exampleemail.net,766-307-0818,2020-07-15
7233,Shannon,Spencer,2006-06-18,sspencer@exampleemail.net,591-164-5490,2024-02-17
8688,Darlene,Tapia,1997-06-18,dtapia@exampleemail.net,043-288-3433,2023-09-03
7113,Ryan,Ball,1995-06-17,rball@exampleemail.net,003-610-1486,2023-07-21
3660,Anita,Berger,1995-11-12,aberger@exampleemail.net,189-122-8920,2025-03-06
5281,Melinda,Cummings,2004-12-03,mcummings@exampleemail.net,781-782-4076,2020-11-15
7297,Melissa,Donaldson,2003-08-18,mdonaldson@exampleemail.net,046-531-0945,2020-08-15
3981,Mrs.,Mueller,2008-01-29,mmueller@exampleemail.net,630-994-5819,2021-08-26
5249,Ms.,Dean,1996-08-05,mdean@exampleemail.net,333-360-5456,2021-05-12
2052,David,Malone,1999-11-17,dmalone@exampleemail.net,944-697-4507,2022-03-12
1685,Melissa,Brown,2004-05-25,mbrown@exampleemail.net,316-674-9303,2025-03-08
8961,Jason,Woods,2007-11-05,jwoods@exampleemail.net,977-539-7108,2022-06-30
7528,Rachel,Diaz,1996-12-08,rdiaz@exampleemail.net,780-458-1635,2024-05-06
3275,Michael,Jones,2001-09-01,mjones@exampleemail.net,507-262-2566,2024-03-06
9436,Taylor,Mcgee,2006-03-10,tmcgee@exampleemail.net,875-591-9925,2022-07-24
8279,Christopher,Ray,2006-06-30,cray@exampleemail.net,799-644-7210,2024-02-27
2465,Dr.,DDS,1999-06-16,ddds@exampleemail.net,067-677-6195,2021-09-07
3016,James,Stevens,2006-07-26,jstevens@exampleemail.net,790-059-0835,2020-04-16
6623,Kevin,Marquez,2005-11-11,kmarquez@exampleemail.net,823-980-0913,2024-10-10
2460,Colleen,Porter,1996-06-21,cporter@exampleemail.net,245-958-0499,2020-08-02
6092,Christian,Odom,1999-06-24,codom@exampleemail.net,296-724-4015,2022-01-01
9515,Calvin,Macias,1998-07-16,cmacias@exampleemail.net,177-584-5179,2020-11-28
9189,Kim,Fischer,1995-04-13,kfischer@exampleemail.net,554-231-8693,2021-03-24
5480,Travis,Schultz,2000-07-27,tschultz@exampleemail.net,805-611-7556,2020-09-08
4687,Bonnie,Morris,2002-03-14,bmorris@exampleemail.net,917-884-4953,2024-05-15
9978,Paul,Poole,2006-01-09,ppoole@exampleemail.net,318-181-2681,2020-07-02
2670,Bernard,Whitaker,1999-07-29,bwhitaker@exampleemail.net,567-897-5399,2023-12-30
2922,Melinda,Miller,2006-07-18,mmiller@exampleemail.net,655-969-1045,2021-03-12
5959,Christina,Gonzales,1995-05-13,cgonzales@exampleemail.net,517-513-1673,2021-07-24
2549,Mary,Bennett,2001-09-24,mbennett@exampleemail.net,380-639-9079,2024-02-22
7640,Dr.,Pineda,1997-11-23,dpineda@exampleemail.net,311-804-0641,2023-04-30
4399,Sandra,Burns,2006-06-29,sburns@exampleemail.net,649-413-3251,2023-10-28
6956,Erika,Kennedy,2004-10-03,ekennedy@exampleemail.net,560-340-9614,2021-10-02
5544,Rhonda,Davenport,2005-03-07,rdavenport@exampleemail.net,317-640-2772,2024-01-10
8472,Cheryl,Brown,2005-11-28,cbrown@exampleemail.net,609-138-3730,2024-10-16
7097,Angela,Bridges,2003-01-18,abridges@exampleemail.net,195-614-1251,2022-04-15
5425,Brandon,Rasmussen,2003-02-03,brasmussen@exampleemail.net,718-449-2985,2025-01-17
2256,Jessica,Howard,2000-11-01,jhoward@exampleemail.net,749-031-8673,2021-01-30
7946,Lisa,Zhang,1997-07-30,lzhang@exampleemail.net,461-014-9946,2021-10-22
7211,Brianna,Henderson,1996-05-14,bhenderson@exampleemail.net,148-539-7688,2022-08-23
5337,Mark,Sanchez,2000-10-23,msanchez@exampleemail.net,751-309-9699,2024-11-11
8999,Melissa,Nguyen,1996-04-09,mnguyen@exampleemail.net,467-049-3113,2022-10-02
1095,Eric,Wilson,1999-03-21,ewilson@exampleemail.net,121-532-6183,2022-08-16
8027,Faith,Johnson,2006-02-21,fjohnson@exampleemail.net,915-562-4276,2024-10-14
8031,Nathan,Miller,2002-03-21,nmiller@exampleemail.net,750-974-4892,2021-08-23
2489,Whitney,Jefferson,2004-12-20,wjefferson@exampleemail.net,624-859-5663,2020-10-08
2005,Shane,Sanders,2002-12-18,ssanders@exampleemail.net,340-448-4925,2024-07-06
5046,Felicia,Cline,2001-06-14,fcline@exampleemail.net,946-493-0373,2024-09-02
3134,Miss,MD,2007-08-11,mmd@exampleemail.net,881-936-7005,2020-04-24
4160,Crystal,Brown,2006-03-02,cbrown@exampleemail.net,252-488-1567,2024-02-09
9741,Erica,Miller,1999-03-28,emiller@exampleemail.net,808-021-8505,2023-04-12
4015,Erica,Miller,2000-12-10,emiller@exampleemail.net,130-139-5855,2022-08-27
9254,Wesley,May,2007-01-18,wmay@exampleemail.net,597-619-1601,2024-10-05
5781,Christopher,Atkinson,1995-11-17,catkinson@exampleemail.net,016-502-1519,2022-03-15
1022,Blake,Martinez,1995-04-27,bmartinez@exampleemail.net,940-425-1280,2023-01-05
7258,Mary,Ramos,1997-08-16,mramos@exampleemail.net,711-189-3723,2022-08-12
3550,Colleen,Sanchez,2007-04-28,csanchez@exampleemail.net,888-030-9651,2020-04-19
4077,Ralph,Becker,1997-05-09,rbecker@exampleemail.net,397-716-9325,2021-12-03
1193,Denise,Coleman,1997-03-28,dcoleman@exampleemail.net,095-609-7600,2025-01-28
1019,Anthony,Smith,1998-02-09,asmith@exampleemail.net,498-849-8510,2023-04-14
2841,Deborah,Hernandez,1995-10-10,dhernandez@exampleemail.net,295-292-7732,2023-12-05
6906,Kristi,Price,2006-07-16,kprice@exampleemail.net,825-365-1947,2024-11-18
3461,Alex,Douglas,1995-11-30,adouglas@exampleemail.net,114-500-1499,2023-01-22
1035,Ian,Mcdonald,2007-07-31,imcdonald@exampleemail.net,085-950-9673,2024-01-29
5562,David,Bauer,2003-07-11,dbauer@exampleemail.net,149-584-0442,2023-08-20
7301,Linda,Beasley,1999-09-20,lbeasley@exampleemail.net,262-982-8566,2022-02-05
3283,Megan,Hutchinson,2003-03-07,mhutchinson@exampleemail.net,148-436-4773,2022-10-19
3591,Thomas,Freeman,1998-06-10,tfreeman@exampleemail.net,731-601-5646,2022-11-23
8443,Travis,Pierce,1996-05-17,tpierce@exampleemail.net,486-198-8271,2021-06-14
8674,Kristen,Galloway,2005-11-01,kgalloway@exampleemail.net,373-268-2711,2023-07-19
2776,Raven,Taylor,2003-11-30,rtaylor@exampleemail.net,024-015-6925,2021-07-09
1138,Holly,Spencer,1996-03-31,hspencer@exampleemail.net,501-585-1073,2023-03-21
5753,Daniel,Sullivan,2006-07-15,dsullivan@exampleemail.net,697-904-8751,2023-02-26
3638,Richard,Franklin,2004-01-02,rfranklin@exampleemail.net,529-836-1336,2021-10-30
7350,Samantha,Klein,1999-04-26,sklein@exampleemail.net,838-214-3970,2021-02-27
2116,Kimberly,Pena,2001-09-22,kpena@exampleemail.net,994-633-2270,2020-12-20
7701,Anna,Martinez,1997-09-30,amartinez@exampleemail.net,239-030-6985,2021-07-07
3592,Monica,Johnson,2005-04-20,mjohnson@exampleemail.net,275-358-7572,2020-11-26
2787,Shannon,Porter,2000-09-01,sporter@exampleemail.net,162-327-8426,2021-10-03
7636,Joseph,Sherman,1999-04-02,jsherman@exampleemail.net,748-809-0474,2024-01-01
